{"timestamp": 1771950269.051379, "gaze_x": 0.7916713375056069, "gaze_y": 0.34071016872665216, "center_x": 0.7916713375056069, "center_y": 0.34071016872665216, "calibrated": true}